gate_id,gate,value,threshold,passed
T1,compact_transfer_gain_vs_generic_positive,234.16666666666666,1,True
T2,compact_beats_random_same_size,205.0,0.0,True
T3,compact_beats_shuffled_atlas_same_size,86.95833333333212,0.0,True
T4,compact_retains_recursive_gain,0.9895753877468065,0.7,True
T5,compact_prunes_recursive_memory,0.53,0.4,True
T6,zero_true_contamination,0,0,True
T7,positive_gain_in_enough_seeds,1.0,0.6666666666666666,True
T8,oracle_gap_captured,0.6899195923944954,0.2,True
T9,advisory_boundary_preserved,True,True,True
