world,proof_status,terminal_form,rows,mean_semantic_root_score,mean_residual_rank,mean_gap_ratio,mean_residual_mass,example_claims
BOOLEAN,explained_false,REFUTATION_CANDIDATE,5493,13.966951416177313,3.2846515495532977,0.6527312574987462,17.51156016748589,BOOL:0|BOOL:1|BOOL:2|BOOL:3|BOOL:4|BOOL:5|BOOL:6|BOOL:7|BOOL:8|BOOL:9|BOOL:10|BOOL:11|BOOL:12|BOOL:13|BOOL:14|BOOL:16|BOOL:17|BOOL:18|BOOL:19|BOOL:20
BOOLEAN,explained_true,PROOF_ROUTE_CANDIDATE,507,-2.8035271633089685,0.0,0.0,0.0,BOOL:15|BOOL:39|BOOL:58|BOOL:68|BOOL:76|BOOL:81|BOOL:131|BOOL:155|BOOL:167|BOOL:177|BOOL:179|BOOL:197|BOOL:205|BOOL:219|BOOL:229|BOOL:234|BOOL:240|BOOL:243|BOOL:249|BOOL:258
ETP,explained_false,REFUTATION_CANDIDATE,2427,25.02574870444966,6.678433000626893,0.9275967679867773,84.16069221260815,ETP:3522->2990|ETP:3693->1984|ETP:3333->1620|ETP:1228->826|ETP:1698->2242|ETP:4158->518|ETP:3463->1519|ETP:3697->3649|ETP:425->84|ETP:853->3389|ETP:3898->1574|ETP:4116->4516|ETP:162->4578|ETP:3667->4279|ETP:3653->685|ETP:2240->2723|ETP:3119->4170|ETP:4590->3314|ETP:3403->4003|ETP:3657->2932
ETP,explained_true,PROOF_ROUTE_CANDIDATE,2500,-0.4959670956704841,0.0,0.0,0.0,ETP:170->2247|ETP:199->3689|ETP:3016->4521|ETP:1->4629|ETP:2360->273|ETP:605->4448|ETP:1001->1341|ETP:1412->1977|ETP:140->3574|ETP:2204->2958|ETP:1092->1206|ETP:2411->1924|ETP:291->3686|ETP:1110->3036|ETP:2921->963|ETP:1722->4396|ETP:2550->887|ETP:3017->1957|ETP:2413->2461|ETP:2233->1223
ETP,false_underexplained,NAMED_OBSTRUCTION_NEEDED,73,-1.9246733785345291,0.0,0.0,0.0,ETP:2804->1522|ETP:2054->4119|ETP:915->3886|ETP:2496->2697|ETP:2855->2043|ETP:2048->3672|ETP:2860->623|ETP:1312->3911|ETP:2911->2194|ETP:2699->2671|ETP:449->453|ETP:2040->1646|ETP:2133->3861|ETP:2496->2289|ETP:166->2106|ETP:2058->377|ETP:2869->4125|ETP:1486->771|ETP:1515->1260|ETP:2666->1866
GRAPH,explained_false,REFUTATION_CANDIDATE,131,15.748711110280139,3.393326238443108,0.446116991980517,278.62595419847327,GRAPH:connected->has_triangle|GRAPH:connected->has_path3|GRAPH:connected->bipartite|GRAPH:connected->is_empty|GRAPH:connected->is_complete|GRAPH:connected->edge_count_ge_1|GRAPH:connected->edge_count_ge_2|GRAPH:connected->edge_count_ge_3|GRAPH:connected->edge_count_ge_4|GRAPH:connected->min_degree_ge_1|GRAPH:connected->max_degree_ge_2|GRAPH:connected->max_degree_ge_3|GRAPH:has_triangle->connected|GRAPH:has_triangle->has_path3|GRAPH:has_triangle->bipartite|GRAPH:has_triangle->is_empty|GRAPH:has_triangle->is_complete|GRAPH:has_triangle->edge_count_ge_4|GRAPH:has_triangle->min_degree_ge_1|GRAPH:has_triangle->max_degree_ge_3
GRAPH,explained_true,PROOF_ROUTE_CANDIDATE,25,-2.2531210191082804,0.0,0.0,0.0,GRAPH:has_triangle->edge_count_ge_1|GRAPH:has_triangle->edge_count_ge_2|GRAPH:has_triangle->edge_count_ge_3|GRAPH:has_triangle->max_degree_ge_2|GRAPH:has_path3->edge_count_ge_1|GRAPH:has_path3->edge_count_ge_2|GRAPH:has_path3->edge_count_ge_3|GRAPH:has_path3->max_degree_ge_2|GRAPH:is_empty->bipartite|GRAPH:is_complete->connected|GRAPH:edge_count_ge_2->edge_count_ge_1|GRAPH:edge_count_ge_3->edge_count_ge_1|GRAPH:edge_count_ge_3->edge_count_ge_2|GRAPH:edge_count_ge_3->max_degree_ge_2|GRAPH:edge_count_ge_4->edge_count_ge_1|GRAPH:edge_count_ge_4->edge_count_ge_2|GRAPH:edge_count_ge_4->edge_count_ge_3|GRAPH:edge_count_ge_4->max_degree_ge_2|GRAPH:min_degree_ge_1->edge_count_ge_1|GRAPH:max_degree_ge_2->edge_count_ge_1
REWRITE,explained_false,REFUTATION_CANDIDATE,3694,22.078953325042356,5.056436757498867,0.6623510664595524,115.95831077422848,REWRITE:0|REWRITE:2|REWRITE:3|REWRITE:4|REWRITE:5|REWRITE:7|REWRITE:8|REWRITE:9|REWRITE:11|REWRITE:12|REWRITE:15|REWRITE:16|REWRITE:18|REWRITE:19|REWRITE:21|REWRITE:22|REWRITE:23|REWRITE:24|REWRITE:26|REWRITE:27
REWRITE,explained_true,PROOF_ROUTE_CANDIDATE,1306,-1.5136163489934813,0.0,0.0,0.0,REWRITE:1|REWRITE:6|REWRITE:10|REWRITE:13|REWRITE:14|REWRITE:17|REWRITE:20|REWRITE:25|REWRITE:29|REWRITE:30|REWRITE:33|REWRITE:42|REWRITE:44|REWRITE:46|REWRITE:47|REWRITE:52|REWRITE:53|REWRITE:64|REWRITE:65|REWRITE:70
